{"fake_data": {"0": {"4": 0.02944704331457615, "5": 0.11634369939565659, "6": 0.05641075223684311, "7": 0.17065377533435822, "8": 0.014235722832381725, "9": 0.01970745623111725, "10": 0.011820037849247456}, "1": {"4": 0.02866547740995884, "5": 0.04175446927547455, "6": 0.02497643232345581, "7": 0.07130912691354752, "8": 0.045886747539043427, "9": 0.02384342812001705, "10": 0.010847099125385284}, "2": {"4": 0.13077235221862793, "5": 0.09819431602954865, "6": 0.08223952353000641, "7": 0.07871557027101517, "8": 0.09434984624385834, "9": 0.044773686677217484, "10": 0.01270469930022955}, "3": {"4": 0.13436564803123474, "5": 0.24753282964229584, "6": 0.03674296289682388, "7": 0.12093416601419449, "8": 0.02937408536672592, "9": 0.05243058502674103, "10": 0.012539420276880264}, "4": {"4": 0.18675640225410461, "5": 0.07340070605278015, "6": 0.039537213742733, "7": 0.0358944833278656, "8": 0.06597039103507996, "9": 0.026046497747302055, "10": 0.010403943248093128}, "5": {"4": 0.18544678390026093, "5": 0.08014211058616638, "6": 0.14447061717510223, "7": 0.07629931718111038, "8": 0.05890724062919617, "9": 0.07205251604318619, "10": 0.012886370532214642}, "6": {"4": 0.06793868541717529, "5": 0.08429323881864548, "6": 0.043719582259655, "7": 0.05798583850264549, "8": 0.05215417593717575, "9": 0.04576773941516876, "10": 0.02038537710905075}, "7": {"4": 0.026839928701519966, "5": 0.10442200303077698, "6": 0.08744393289089203, "7": 0.06981397420167923, "8": 0.018364179879426956, "9": 0.034969255328178406, "10": 0.01171875}, "8": {"4": 0.12089817970991135, "5": 0.03370201960206032, "6": 0.11902374774217606, "7": 0.15852680802345276, "8": 0.0260190237313509, "9": 0.07545525580644608, "10": 0.013741452246904373}, "9": {"4": 0.0585382841527462, "5": 0.21841487288475037, "6": 0.1050746738910675, "7": 0.11964709311723709, "8": 0.03188255801796913, "9": 0.027834173291921616, "10": 0.010912840254604816}}, "uti": {"0": {"4": 0.16082938015460968, "5": 0.05751520022749901, "6": 0.10248672962188721, "7": 0.044455721974372864, "8": 0.028478771448135376, "9": 0.02185024507343769, "10": 0.012765543535351753}, "1": {"4": 0.0819869115948677, "5": 0.05646197497844696, "6": 0.051445938646793365, "7": 0.04057364538311958, "8": 0.03882142901420593, "9": 0.015554267913103104, "10": 0.01104044821113348}, "2": {"4": 0.09472939372062683, "5": 0.1005527451634407, "6": 0.03213580697774887, "7": 0.06585600227117538, "8": 0.02937103994190693, "9": 0.019928516820073128, "10": 0.013244488276541233}, "3": {"4": 0.06775331497192383, "5": 0.07620043307542801, "6": 0.04659441486001015, "7": 0.04480695351958275, "8": 0.015857867896556854, "9": 0.022992033511400223, "10": 0.013307344168424606}, "4": {"4": 0.11304554343223572, "5": 0.062904953956604, "6": 0.06651879847049713, "7": 0.12463109940290451, "8": 0.03411859646439552, "9": 0.021095219999551773, "10": 0.013984378427267075}, "5": {"4": 0.14634881913661957, "5": 0.05138159543275833, "6": 0.049816057085990906, "7": 0.03182923421263695, "8": 0.03555160388350487, "9": 0.0305507630109787, "10": 0.01069492008537054}, "6": {"4": 0.0693492591381073, "5": 0.06232618913054466, "6": 0.06530385464429855, "7": 0.041927553713321686, "8": 0.030136289075016975, "9": 0.0213535837829113, "10": 0.011820037849247456}, "7": {"4": 0.10326138138771057, "5": 0.13089033961296082, "6": 0.16159674525260925, "7": 0.03922086954116821, "8": 0.025654522702097893, "9": 0.03060242161154747, "10": 0.010366637259721756}, "8": {"4": 0.07404427230358124, "5": 0.07138640433549881, "6": 0.0335904136300087, "7": 0.0339960902929306, "8": 0.02010420523583889, "9": 0.02826026640832424, "10": 0.010568779893219471}, "9": {"4": 0.11191071569919586, "5": 0.07617539912462234, "6": 0.03477354347705841, "7": 0.05060841515660286, "8": 0.023978039622306824, "9": 0.026336653158068657, "10": 0.013345361687242985}}, "breast_cancer": {"0": {"4": 0.22568051517009735, "5": 0.12548543512821198, "6": 0.10241575539112091, "7": 0.13262297213077545, "8": 0.058693356812000275, "9": 0.05622659996151924, "10": 0.0203502606600523}, "1": {"4": 0.19963300228118896, "5": 0.10988715291023254, "6": 0.0873505026102066, "7": 0.06438465416431427, "8": 0.07015635073184967, "9": 0.0509476512670517, "10": 0.01826981082558632}, "2": {"4": 0.34913986921310425, "5": 0.399631142616272, "6": 0.08002451807260513, "7": 0.06336378306150436, "8": 0.02703685127198696, "9": 0.03870995715260506, "10": 0.02075626142323017}, "3": {"4": 0.16128218173980713, "5": 0.15788708627223969, "6": 0.2102508693933487, "7": 0.09526866674423218, "8": 0.04078829288482666, "9": 0.04543377831578255, "10": 0.021517641842365265}, "4": {"4": 0.3006230592727661, "5": 0.28973227739334106, "6": 0.14676730334758759, "7": 0.08992067724466324, "8": 0.09560591727495193, "9": 0.0405479297041893, "10": 0.023523807525634766}, "5": {"4": 0.1666470319032669, "5": 0.14801044762134552, "6": 0.052759233862161636, "7": 0.10697595030069351, "8": 0.09398113936185837, "9": 0.049069229513406754, "10": 0.02023276314139366}, "6": {"4": 0.3878253698348999, "5": 0.1606311798095703, "6": 0.14587274193763733, "7": 0.06915862113237381, "8": 0.0644882544875145, "9": 0.042988166213035583, "10": 0.018765507265925407}, "7": {"4": 0.2937116324901581, "5": 0.2198827564716339, "6": 0.08796383440494537, "7": 0.09577907621860504, "8": 0.0666123703122139, "9": 0.04430462792515755, "10": 0.019273197278380394}, "8": {"4": 0.1839984804391861, "5": 0.19677795469760895, "6": 0.09508328884840012, "7": 0.18236896395683289, "8": 0.05303417891263962, "9": 0.05023367702960968, "10": 0.019755790010094643}, "9": {"4": 0.2717946469783783, "5": 0.23190224170684814, "6": 0.2017594426870346, "7": 0.06904994696378708, "8": 0.060572464019060135, "9": 0.026353619992733, "10": 0.019142866134643555}}, "california_housing": {"0": {"4": 0.10245561599731445, "5": 0.04512970894575119, "6": 0.03793618455529213, "7": 0.0615098737180233, "8": 0.023627465590834618, "9": 0.015874773263931274, "10": 0.00906284712255001}, "1": {"4": 0.34298238158226013, "5": 0.1621999889612198, "6": 0.09060150384902954, "7": 0.04172591120004654, "8": 0.014737684279680252, "9": 0.018685931339859962, "10": 0.011575458571314812}, "2": {"4": 0.13549739122390747, "5": 0.06198431923985481, "6": 0.09473568946123123, "7": 0.10683600604534149, "8": 0.03856726363301277, "9": 0.014281705021858215, "10": 0.01298543531447649}, "3": {"4": 0.06377633661031723, "5": 0.0555558055639267, "6": 0.03566041216254234, "7": 0.041067905724048615, "8": 0.03282579407095909, "9": 0.027703238651156425, "10": 0.010078011080622673}, "4": {"4": 0.04659697413444519, "5": 0.06962931901216507, "6": 0.05323217436671257, "7": 0.03708286210894585, "8": 0.04095381498336792, "9": 0.024140311405062675, "10": 0.009505821391940117}, "5": {"4": 0.04496895521879196, "5": 0.031614091247320175, "6": 0.026140153408050537, "7": 0.030015399679541588, "8": 0.06171930953860283, "9": 0.01580893062055111, "10": 0.011021536774933338}, "6": {"4": 0.09603606164455414, "5": 0.11247227340936661, "6": 0.016333719715476036, "7": 0.048234302550554276, "8": 0.03922922909259796, "9": 0.013958781957626343, "10": 0.01032631192356348}, "7": {"4": 0.041907645761966705, "5": 0.0808606892824173, "6": 0.08935213088989258, "7": 0.043485138565301895, "8": 0.04385502263903618, "9": 0.027844877913594246, "10": 0.013460985384881496}, "8": {"4": 0.15023022890090942, "5": 0.052684053778648376, "6": 0.046433594077825546, "7": 0.036592599004507065, "8": 0.0825747698545456, "9": 0.018797243013978004, "10": 0.012155653908848763}, "9": {"4": 0.03974771499633789, "5": 0.10201514512300491, "6": 0.04592699930071831, "7": 0.06630609184503555, "8": 0.047317326068878174, "9": 0.04576253145933151, "10": 0.01143037062138319}}, "wine_quality": {"0": {"4": 0.12442408502101898, "5": 0.15228582918643951, "6": 0.06751536577939987, "7": 0.055641572922468185, "8": 0.0237482450902462, "9": 0.032158058136701584, "10": 0.021098043769598007}, "1": {"4": 0.05216388776898384, "5": 0.045181188732385635, "6": 0.07321614027023315,