{"fake_data": {"0": {"4": 0.21421152353286743, "5": 0.11606800556182861, "6": 0.05560406669974327, "7": 0.057414066046476364, "8": 0.022244948893785477, "9": 0.04552289843559265, "10": 0.009398621506989002}, "1": {"4": 0.14339162409305573, "5": 0.41886746883392334, "6": 0.020853668451309204, "7": 0.12547782063484192, "8": 0.04809880256652832, "9": 0.013465411961078644, "10": 0.010018693283200264}, "2": {"4": 0.1555100977420807, "5": 0.03760240972042084, "6": 0.21008892357349396, "7": 0.030914410948753357, "8": 0.08350002020597458, "9": 0.03286571800708771, "10": 0.011672883294522762}, "3": {"4": 0.044651709496974945, "5": 0.16709263622760773, "6": 0.09934813529253006, "7": 0.07103694975376129, "8": 0.029004480689764023, "9": 0.03387313708662987, "10": 0.014185389503836632}, "4": {"4": 0.037763748317956924, "5": 0.22187721729278564, "6": 0.09345325827598572, "7": 0.038503073155879974, "8": 0.11174068599939346, "9": 0.022876380011439323, "10": 0.012304299511015415}, "5": {"4": 0.1345185935497284, "5": 0.04797658324241638, "6": 0.11947983503341675, "7": 0.1365189254283905, "8": 0.0778050497174263, "9": 0.016822688281536102, "10": 0.00940496101975441}, "6": {"4": 0.2084081768989563, "5": 0.15912987291812897, "6": 0.12506388127803802, "7": 0.024448217824101448, "8": 0.044164493680000305, "9": 0.04517063498497009, "10": 0.013632581569254398}, "7": {"4": 0.20461562275886536, "5": 0.06328094750642776, "6": 0.10392449796199799, "7": 0.2208903431892395, "8": 0.06275364011526108, "9": 0.1407667100429535, "10": 0.014239908196032047}, "8": {"4": 0.12835250794887543, "5": 0.038057755678892136, "6": 0.25783786177635193, "7": 0.04005543515086174, "8": 0.06719502061605453, "9": 0.015844708308577538, "10": 0.011814993806183338}, "9": {"4": 0.02548201195895672, "5": 0.1946629136800766, "6": 0.03975071385502815, "7": 0.02009085938334465, "8": 0.10265292972326279, "9": 0.0850016176700592, "10": 0.016726750880479813}}, "uti": {"0": {"4": 0.08977705240249634, "5": 0.12884403765201569, "6": 0.06967081874608994, "7": 0.07824316620826721, "8": 0.028428496792912483, "9": 0.026512591168284416, "10": 0.011406880803406239}, "1": {"4": 0.09080947935581207, "5": 0.03920263051986694, "6": 0.04967166855931282, "7": 0.03388984873890877, "8": 0.03754768520593643, "9": 0.032763998955488205, "10": 0.011570307426154613}, "2": {"4": 0.06464749574661255, "5": 0.052867017686367035, "6": 0.10660897195339203, "7": 0.030603395774960518, "8": 0.04340694099664688, "9": 0.021399591118097305, "10": 0.013436608947813511}, "3": {"4": 0.1560085266828537, "5": 0.08221378922462463, "6": 0.0276590958237648, "7": 0.06739784777164459, "8": 0.04130741208791733, "9": 0.022685380652546883, "10": 0.011575458571314812}, "4": {"4": 0.17226451635360718, "5": 0.11065389215946198, "6": 0.05232304334640503, "7": 0.02189929224550724, "8": 0.026362664997577667, "9": 0.030257681384682655, "10": 0.012194817885756493}, "5": {"4": 0.08715136349201202, "5": 0.0770595371723175, "6": 0.07039002329111099, "7": 0.02867899090051651, "8": 0.057730354368686676, "9": 0.026734234765172005, "10": 0.011107727885246277}, "6": {"4": 0.15001600980758667, "5": 0.1312427818775177, "6": 0.048308391124010086, "7": 0.0397469624876976, "8": 0.03764597699046135, "9": 0.02257079817354679, "10": 0.01630084402859211}, "7": {"4": 0.09514564275741577, "5": 0.08368184417486191, "6": 0.05131310969591141, "7": 0.02980516105890274, "8": 0.05334402620792389, "9": 0.021269679069519043, "10": 0.012577389366924763}, "8": {"4": 0.16162459552288055, "5": 0.06873848289251328, "6": 0.03213951736688614, "7": 0.029911959543824196, "8": 0.021923772990703583, "9": 0.025798168033361435, "10": 0.011534190736711025}, "9": {"4": 0.11886689811944962, "5": 0.09334859251976013, "6": 0.11614449322223663, "7": 0.03519352898001671, "8": 0.03178238123655319, "9": 0.01784232072532177, "10": 0.013520630076527596}}, "breast_cancer": {"0": {"4": 0.21306973695755005, "5": 0.221836656332016, "6": 0.19168071448802948, "7": 0.12151435762643814, "8": 0.11263220757246017, "9": 0.06724467873573303, "10": 0.018483879044651985}, "1": {"4": 0.2512400448322296, "5": 0.13851188123226166, "6": 0.2406117022037506, "7": 0.19986574351787567, "8": 0.06821447610855103, "9": 0.060864996165037155, "10": 0.01835443824529648}, "2": {"4": 0.10209515690803528, "5": 0.30715277791023254, "6": 0.09763427078723907, "7": 0.0852760523557663, "8": 0.1623746156692505, "9": 0.1009916216135025, "10": 0.019816039130091667}, "3": {"4": 0.43068069219589233, "5": 0.10584559291601181, "6": 0.22653460502624512, "7": 0.13543006777763367, "8": 0.12666641175746918, "9": 0.0390777550637722, "10": 0.018967699259519577}, "4": {"4": 0.31748345494270325, "5": 0.4772656261920929, "6": 0.09754510223865509, "7": 0.10035694390535355, "8": 0.06468943506479263, "9": 0.03571135550737381, "10": 0.017900684848427773}, "5": {"4": 0.1722422093153, "5": 0.28538525104522705, "6": 0.15107472240924835, "7": 0.22271513938903809, "8": 0.08050867915153503, "9": 0.03072294220328331, "10": 0.019580017775297165}, "6": {"4": 0.430929571390152, "5": 0.07205912470817566, "6": 0.17795491218566895, "7": 0.09056136012077332, "8": 0.17585650086402893, "9": 0.12020845711231232, "10": 0.02188022993505001}, "7": {"4": 0.12197946012020111, "5": 0.2549777328968048, "6": 0.09691368043422699, "7": 0.07939038425683975, "8": 0.04405909776687622, "9": 0.030730700120329857, "10": 0.02055426314473152}, "8": {"4": 0.15123088657855988, "5": 0.12091641873121262, "6": 0.20485885441303253, "7": 0.1576520949602127, "8": 0.06376137584447861, "9": 0.03152724355459213, "10": 0.018483879044651985}, "9": {"4": 0.28676995635032654, "5": 0.1755342185497284, "6": 0.18008776009082794, "7": 0.12752275168895721, "8": 0.059405989944934845, "9": 0.04000331833958626, "10": 0.020922154188156128}}, "california_housing": {"0": {"4": 0.05220614746212959, "5": 0.12805402278900146, "6": 0.04012605547904968, "7": 0.06044982746243477, "8": 0.019552599638700485, "9": 0.018811505287885666, "10": 0.010210216045379639}, "1": {"4": 0.18409320712089539, "5": 0.08535464853048325, "6": 0.07897637784481049, "7": 0.02214154787361622, "8": 0.028410669416189194, "9": 0.021456614136695862, "10": 0.011456414125859737}, "2": {"4": 0.17717579007148743, "5": 0.04539637267589569, "6": 0.0461406409740448, "7": 0.049780745059251785, "8": 0.017173344269394875, "9": 0.02593757025897503, "10": 0.012347821146249771}, "3": {"4": 0.0910457968711853, "5": 0.10379020124673843, "6": 0.06717372685670853, "7": 0.031615033745765686, "8": 0.044187430292367935, "9": 0.020622296258807182, "10": 0.011649882420897484}, "4": {"4": 0.03856880962848663, "5": 0.14651651680469513, "6": 0.09318019449710846, "7": 0.10174719989299774, "8": 0.015442738309502602, "9": 0.025808561593294144, "10": 0.010236453264951706}, "5": {"4": 0.08213435858488083, "5": 0.12803120911121368, "6": 0.07659520208835602, "7": 0.05302012711763382, "8": 0.0373862124979496, "9": 0.022401150315999985, "10": 0.010568779893219471}, "6": {"4": 0.025290658697485924, "5": 0.10002855956554413, "6": 0.03336876258254051, "7": 0.09807892143726349, "8": 0.04841069132089615, "9": 0.0651160180568695, "10": 0.011766970157623291}, "7": {"4": 0.03598652780056, "5": 0.14608220756053925, "6": 0.09571152925491333, "7": 0.09263905882835388, "8": 0.02728155441582203, "9": 0.03663085773587227, "10": 0.009997849352657795}, "8": {"4": 0.09998445212841034, "5": 0.032036419957876205, "6": 0.10859538614749908, "7": 0.03575306013226509, "8": 0.03394608199596405, "9": 0.02277453988790512, "10": 0.010767127387225628}, "9": {"4": 0.1160220354795456, "5": 0.09451490640640259, "6": 0.033031243830919266, "7": 0.12993259727954865, "8": 0.04853058606386185, "9": 0.022757520899176598, "10": 0.011621708981692791}}, "heart_disease": {"0": {"4": 0.08324013650417328, "5": 0.050865691155195236, "6": 0.04726249724626541, "7": 0.05158940330147743, "8": 0.03883294388651848, "9": 0.038195330649614334, "10": 0.02910500206053257}, "1": {"4": 0.07169757783412933, "5": 0.0703209713101387,